Filter Type,Implementation,Processing Time (seconds)
Sobel,Python,0.687471866607666
Gaussian,Python,3.7055704593658447
Median Noise-reduction,Python,0.4449162483215332
Sobel,Numpy,0.19325947761535645
Gaussian,Numpy,0.03347277641296387
Median Noise-reduction,Numpy,0.018198728561401367
Sobel,Cython,0.012674808502197266
Gaussian,Cython,0.02711772918701172
Median Noise-reduction,Cython,0.015872955322265625
