Filter Type,Implementation,Processing Time (seconds)
Sobel,Python,1.9078538417816162
Gaussian,Python,10.92458462715149
Median Noise-reduction,Python,1.3207697868347168
Sobel,Numpy,0.4805464744567871
Gaussian,Numpy,0.06459498405456543
Median Noise-reduction,Numpy,0.05514359474182129
Sobel,Cython,0.04635262489318848
Gaussian,Cython,0.05281853675842285
Median Noise-reduction,Cython,0.055646419525146484
